date,open,high,low,close,volume
2015-01-02,29.4769,29.632,28.8963,29.2927,4538359
2015-01-05,29.0504,29.0795,28.2362,28.3137,5931367
2015-01-06,28.3137,28.3816,27.0584,27.2765,9825026
2015-01-07,27.5867,27.8194,27.3541,27.8097,7966140
2015-01-08,28.2943,28.6142,28.178,28.5367,5590230
2015-01-09,28.5367,28.556,27.548,27.577,6730266
2015-01-12,27.5867,27.6933,27.0633,27.3056,4961056
2015-01-13,27.674,28.0714,27.0439,27.325,5793296
2015-01-14,26.6174,26.6174,25.8516,26.3945,15089595
2015-01-15,26.4139,26.6077,24.7175,25.8516,13307446
2015-01-16,25.997,26.1134,24.6497,26.0746,15235650
2015-01-20,26.1715,26.2685,25.4494,25.9292,8201296
2015-01-21,25.7353,26.1424,25.367,25.8807,8217059
2015-01-22,26.3557,26.947,25.3864,26.8016,11160362
2015-01-23,26.8113,26.8694,26.3363,26.3557,5152385
2015-01-26,26.2103,26.5777,26.0552,26.5205,4435443
2015-01-27,26.0649,26.2248,25.682,25.9874,5730411
2015-01-28,26.1521,26.1715,25.144,25.1634,8124882
2015-01-29,25.1731,25.5996,25.0374,25.5124,8446733
2015-01-30,25.1344,25.6045,25.0093,25.1828,9151059
2015-02-02,25.2604,25.8032,25.018,25.7838,6327010
2015-02-03,25.9292,26.7967,25.9195,26.7725,10258124
2015-02-04,26.7433,27.1028,26.7433,26.8211,6595285
2015-02-05,26.9571,27.4233,26.9085,27.1222,5507757
2015-02-06,27.6856,28.6906,27.5885,28.2782,11868590
2015-02-09,27.9673,28.2685,27.8702,27.9673,5567748
2015-02-10,28.2588,28.5696,28.0645,28.3559,5199006
2015-02-11,28.2296,28.3559,28.0451,28.2199,4627523
2015-02-12,28.4045,29.1719,28.2976,29.1039,10618515
2015-02-13,29.1039,29.3273,28.1811,28.2976,9595533
2015-02-17,28.3851,28.8999,28.1908,28.8902,7038430
2015-02-18,28.6571,28.9193,28.0451,28.2588,8735052
2015-02-19,28.2588,28.6182,28.1811,28.4433,4848682
2015-02-20,28.3268,28.8513,27.9965,28.8028,4995518
2015-02-23,28.6571,28.6862,28.3171,28.6668,4635140
2015-02-24,28.7251,29.3322,28.6571,28.9679,7237062
2015-02-25,28.8999,29.1233,28.7153,28.8708,4332444
2015-02-26,28.8708,29.1719,28.7348,29.0165,3669359
2015-02-27,28.8611,29.0262,28.4822,28.5016,5146067
2015-03-02,28.5211,29.3662,28.4725,29.3079,6423318
2015-03-03,29.1428,29.3371,28.8513,29.0942,4927274
2015-03-04,28.8902,29.2011,28.7348,29.0165,5173059
2015-03-05,28.9679,29.3856,28.7348,29.3468,6136095
2015-03-06,29.7548,30.8233,29.6868,30.1531,13199266
2015-03-09,30.1142,30.2793,29.8422,30.0948,8000597
2015-03-10,29.6673,30.0656,29.4342,29.4439,6677612
2015-03-11,29.5022,30.1142,29.4633,29.8033,5608959
2015-03-12,29.8908,30.2405,29.5071,30.1628,6592770
2015-03-13,29.6285,29.8616,29.2399,29.4731,9251826
2015-03-16,29.7256,29.9588,29.6333,29.9102,6866902
2015-03-17,29.8033,30.2405,29.7742,30.0171,7753055
2015-03-18,29.9491,30.2405,28.7542,28.9193,14735239
2015-03-19,28.8805,29.0165,28.1033,28.5793,12247179
2015-03-20,28.6571,29.3371,28.5988,29.1525,10170764
2015-03-23,29.1913,29.3856,29.0456,29.0553,4924208
2015-03-24,28.9582,29.1233,28.8513,28.9388,5033915
2015-03-25,28.9485,28.9485,28.3753,28.3753,5568526
2015-03-26,28.6279,29.2108,28.2005,28.9291,7821469
2015-03-27,28.9582,29.3759,28.6668,29.3662,7318970
2015-03-30,29.4536,29.7451,29.4245,29.4925,4145244
2015-03-31,29.2593,29.7159,29.2207,29.5702,5342836
2015-04-01,29.4925,29.5702,28.8611,29.0748,8263862
2015-04-02,29.0942,29.2302,28.8125,29.1525,6893102
2015-04-06,28.7056,29.2205,28.2879,29.1136,6929830
2015-04-07,29.0553,29.2399,28.8999,28.9193,3625338
2015-04-08,28.9096,29.3273,28.8319,29.3079,4818870
2015-04-09,29.2788,29.8033,29.1622,29.7256,4718617
2015-04-10,29.6965,29.8616,29.6557,29.8228,6021694
2015-04-13,29.7742,30.1142,29.7159,30.0365,5966952
2015-04-14,29.8325,29.8616,29.2666,29.5799,6881576
2015-04-15,29.2788,30.0656,29.0456,29.6576,9128674
2015-04-16,29.5216,29.7499,29.3953,29.6479,4825621
2015-04-17,29.3953,29.4828,29.1428,29.3856,6221271
2015-04-20,29.5119,29.6285,29.2205,29.2593,5027687
2015-04-21,29.2593,29.474,28.9582,29.2982,7020683
2015-04-22,29.3273,29.7742,29.1233,29.5896,6795825
2015-04-23,29.7159,29.8373,29.4148,29.6285,6804677
2015-04-24,29.6188,29.6188,29.1816,29.2593,5837738
2015-04-27,29.3759,29.7159,29.2011,29.2302,5787684
2015-04-28,29.2593,29.6479,29.2108,29.6188,5131297
2015-04-29,29.5993,30.2405,29.4245,29.9296,6808408
2015-04-30,29.9005,30.2113,29.5362,29.6285,6820648
2015-05-01,29.7936,30.0462,29.7451,29.8325,4240044
2015-05-04,29.8713,30.6485,29.7256,30.4833,7957108
2015-05-05,30.357,30.935,30.2988,30.3668,7959917
2015-05-06,30.8437,30.8437,29.9823,30.1916,8116805
2015-05-07,30.1624,30.4933,29.9969,30.3376,7309256
2015-05-08,30.4738,30.5517,30.1818,30.4446,5922976
2015-05-11,30.4738,31.3206,30.396,31.1843,11008115
2015-05-12,31.0286,31.1639,30.6879,30.9215,7336765
2015-05-13,30.9215,30.9994,30.6782,30.8534,4858092
2015-05-14,31.1065,31.1357,30.5906,30.9605,6407874
2015-05-15,30.8923,31.0286,30.1624,30.3765,5259015
2015-05-18,30.4057,31.0578,30.3862,31.0091,6779520
2015-05-19,31.2622,31.5639,30.8534,30.8923,5494415
2015-05-20,30.8826,31.0773,30.6198,30.8145,5243385
2015-05-21,30.5906,30.9021,30.4641,30.6393,5961658
2015-05-22,30.6198,30.9556,30.5711,30.5711,5657342
2015-05-26,30.5225,30.6247,30.3668,30.4446,5143032
2015-05-27,30.6198,30.9994,30.4251,30.9118,4590715
2015-05-28,30.8437,31.1065,30.7463,31.0481,4823162
2015-05-29,31.0481,31.0967,30.3473,30.8047,6622846
2015-06-01,30.8826,30.9799,30.357,30.6003,4921445
2015-06-02,30.5127,30.9994,30.2694,30.7853,4489392
2015-06-03,31.1065,31.5834,30.9118,31.4276,6740036
2015-06-04,31.1551,31.5055,31.0481,31.3984,7954736
2015-06-05,32.5761,32.6929,32.0019,32.3425,13552531
2015-06-08,32.2744,32.5859,32.1284,32.1381,5922574
2015-06-09,32.1089,32.2841,31.9046,32.1381,5549154
2015-06-10,32.3036,32.6735,32.1965,32.5372,7451075
2015-06-11,32.5567,32.8195,32.4496,32.4983,7436659
2015-06-12,32.4496,32.6345,32.3328,32.4691,5910008
2015-06-15,32.1089,32.3231,31.7391,32.1673,5355884
2015-06-16,32.0603,32.4593,32.0262,32.3523,6033286
2015-06-17,32.4788,32.6929,32.0992,32.1868,7677997
2015-06-18,32.2647,32.3815,31.7196,32.1868,9954313
2015-06-19,31.9727,32.1381,31.7196,31.7975,7645351
2015-06-22,32.0992,32.5859,32.0992,32.4788,5667990
2015-06-23,32.6345,32.8779,32.4885,32.5859,6173324
2015-06-24,32.4593,32.6005,32.0846,32.1868,4026433
2015-06-25,32.362,32.6248,32.1771,32.362,5647520
2015-06-26,32.5275,32.7075,32.2355,32.6345,13570049
2015-06-29,32.1771,32.1868,31.3011,31.3984,11173602
2015-06-30,31.778,31.9532,31.3692,31.778,8009311
2015-07-01,32.2744,32.4301,32.0408,32.2355,7414869
2015-07-02,32.1089,32.1089,31.7196,31.9727,4716946
2015-07-06,31.6028,31.8851,31.3206,31.632,5971986
2015-07-07,31.525,31.6612,30.8145,31.525,9808183
2015-07-08,31.1843,31.2622,30.6101,30.6879,12312706
2015-07-09,31.233,31.5201,31.0578,31.3206,12130240
2015-07-10,31.8267,32.4837,31.5824,31.9532,7849084
2015-07-13,32.2744,32.6443,32.2063,32.5761,7938864
2015-07-14,32.508,32.9557,32.3036,32.8681,6366077
2015-07-15,32.9265,33.0044,32.5664,32.7513,7054492
2015-07-16,32.9557,33.8317,32.8389,33.8317,11587442
2015-07-17,33.8317,33.9972,33.5446,33.8609,7498034
2015-07-20,33.9971,34.2843,33.9387,34.0555,6952173
2015-07-21,34.0653,34.474,33.7489,33.9971,6417770
2015-07-22,33.8901,34.3573,33.6176,34.3086,7356616
2015-07-23,34.2891,34.5809,33.8511,34.0263,6793037
2015-07-24,33.9387,34.0555,33.6857,33.8803,14035455
2015-07-27,33.53,33.5592,32.9362,33.1698,7563206
2015-07-28,33.5397,33.6857,33.1309,33.5592,6562488
2015-07-29,33.637,34.0555,33.4716,33.8901,6790180
2015-07-30,33.9777,34.2794,33.8025,34.2502,5121329
2015-07-31,34.0945,34.1334,33.4521,33.9485,9394070
2015-08-03,33.9971,34.0458,33.4239,33.7733,10480048
2015-08-04,33.7149,34.4351,33.7051,34.2697,7528522
2015-08-05,34.6109,34.7766,34.4062,34.4939,10247501
2015-08-06,34.6206,34.8254,33.9382,34.2209,6287875
2015-08-07,34.1722,34.6206,33.7627,34.1527,5219257
2015-08-10,34.5134,34.6986,34.4549,34.5329,6782501
2015-08-11,33.7919,34.1624,33.5579,33.8699,5121507
2015-08-12,33.4604,33.4702,32.1833,33.0022,10415535
2015-08-13,33.1387,33.3434,32.8267,33.207,4253705
2015-08-14,33.1582,33.4702,33.09,33.4702,3223498
2015-08-17,33.2557,33.3142,32.7487,33.1875,6397819
2015-08-18,33.1095,33.2362,32.7244,33.0705,5640830
2015-08-19,32.8755,32.9437,32.2612,32.271,8725538
2015-08-20,31.8713,31.9298,31.374,31.3838,10267400
2015-08-21,31.0231,31.1987,30.1456,30.1553,11616677
2015-08-24,27.7277,29.9701,26.8405,28.8099,14441153
2015-08-25,29.8141,29.8141,28.0494,28.0787,14719475
2015-08-26,29.1219,29.1511,28.2054,28.9951,21359091
2015-08-27,29.3949,29.9506,29.0147,29.5996,17297978
2015-08-28,29.4436,30.0627,29.2486,29.9311,11173465
2015-08-31,29.8141,29.9214,29.5411,29.6191,7884771
2015-09-01,28.7612,28.8879,28.1859,28.3614,12904962
2015-09-02,28.9367,28.9562,28.1859,28.6637,10986074
2015-09-03,28.8294,29.5168,28.6149,29.0147,10587553
2015-09-04,28.7027,28.9464,28.1079,28.3712,7258041
2015-09-08,29.0731,30.3698,29.0731,30.3211,14208325
2015-09-09,30.6818,31.0621,29.7361,29.8141,8807864
2015-09-10,29.8141,30.1553,29.6094,29.8336,10878977
2015-09-11,29.8044,29.8044,29.2779,29.7264,6892010
2015-09-14,29.6776,29.7751,29.2194,29.4729,7141574
2015-09-15,29.6484,30.2236,29.4631,30.0481,9955278
2015-09-16,30.0676,30.4381,29.7361,30.3308,9796785
2015-09-17,30.3308,30.9207,28.8879,29.0342,19452554
2015-09-18,28.3224,28.3809,27.7375,27.7375,24464228
2015-09-21,28.1469,28.5564,27.9812,28.3224,9777568
2015-09-22,27.8252,27.9617,27.289,27.6205,11576614
2015-09-23,27.6205,28.0251,27.523,27.7667,6852774
2015-09-24,27.3767,27.4937,26.821,27.1817,13876898
2015-09-25,27.8057,28.7124,27.5132,27.7082,18246354
2015-09-28,27.3475,27.4547,26.4213,26.5968,9989597
2015-09-29,26.665,27.1037,26.4505,26.8892,13568269
2015-09-30,27.3475,27.874,27.2792,27.8447,11409529
2015-10-01,27.8057,27.9227,27.1427,27.835,10716182
2015-10-02,26.3238,26.9867,25.7388,26.9088,30332599
2015-10-05,27.211,27.6887,27.0941,27.6595,8283589
2015-10-06,27.4645,27.5327,26.9039,26.9672,13203980
2015-10-07,27.172,27.4304,26.7918,27.4255,12260350
2015-10-08,27.25,27.7765,27.1135,27.6205,9136319
2015-10-09,27.6302,27.913,27.3865,27.5132,8358739
2015-10-12,27.445,27.6887,27.289,27.679,5291460
2015-10-13,27.4157,27.8252,27.3572,27.3865,5356016
2015-10-14,27.2792,27.3329,26.821,27.0842,11201082
2015-10-15,27.1232,27.913,27.0355,27.8837,7433532
2015-10-16,28.1664,28.1664,27.64,27.9617,9047794
2015-10-19,27.6107,27.9812,27.5035,27.7862,7015374
2015-10-20,27.8447,28.6637,27.7765,28.6149,9334639
2015-10-21,28.7417,28.8782,28.0884,28.1372,7024345
2015-10-22,28.2347,28.8684,28.1274,28.7124,7644924
2015-10-23,29.1609,29.7264,29.0342,29.6679,11372923
2015-10-26,29.6094,29.7459,29.3266,29.6874,6335425
2015-10-27,29.3656,29.5509,28.8684,29.1024,8956050
2015-10-28,29.1121,30.2723,29.0244,30.1651,25173717
2015-10-29,30.1651,30.4966,29.8044,30.2236,9489283
2015-10-30,30.1261,30.2723,29.7166,29.7556,6254194
2015-11-02,29.8921,30.6916,29.7069,30.5843,7031144
2015-11-03,30.4771,30.9358,30.3796,30.7013,7133394
2015-11-04,30.7892,30.9944,30.6622,30.7111,7214592
2015-11-05,30.8283,31.0627,30.758,30.8381,8704465
2015-11-06,31.766,33.3778,31.766,32.7331,27112052
2015-11-09,32.8112,33.0945,32.6061,32.7136,17265826
2015-11-10,32.5084,32.6842,32.1205,32.5573,9354789
2015-11-11,32.5475,32.9871,32.5475,32.7526,6999146
2015-11-12,32.3228,32.4889,31.9126,32.0298,7987858
2015-11-13,31.8637,32.147,31.4339,31.5609,8309730
2015-11-16,31.5121,31.8344,31.1604,31.8344,7966730
2015-11-17,32.0298,32.4693,31.5414,32.0493,7766092
2015-11-18,32.1079,32.738,32.0054,32.6256,8036448
2015-11-19,32.5866,32.7819,32.1861,32.274,7105958
2015-11-20,32.4791,32.6549,32.3912,32.567,9207264
2015-11-23,32.6452,32.7722,32.44,32.5182,5874459
2015-11-24,32.147,32.7868,32.0298,32.7233,9006803
2015-11-25,32.8894,33.0261,32.6549,32.9089,11356578
2015-11-27,32.9089,33.0066,32.6549,32.9578,2004059
2015-11-30,33.1434,33.1629,32.6842,32.9285,6710420
2015-12-01,33.1336,33.368,32.6842,33.2313,6548590
2015-12-02,33.3387,33.4266,32.7038,32.8112,7199546
2015-12-03,33.0066,33.0603,32.1861,32.2154,9018356
2015-12-04,32.5475,33.7197,32.401,33.7099,14250297
2015-12-07,33.5927,33.6806,33.0896,33.2899,6641331
2015-12-08,32.948,33.3094,32.821,33.075,6117875
2015-12-09,32.8894,33.3094,32.0737,32.2056,9684789
2015-12-10,32.2447,32.8698,32.1177,32.4889,4641440
2015-12-11,31.8735,32.0395,30.9357,31.0334,10214497
2015-12-14,31.3069,31.854,30.8869,31.5023,11846931
2015-12-15,31.9321,32.5182,31.9321,32.4107,10842136
2015-12-16,32.8405,33.2117,32.0591,33.0261,15136399
2015-12-17,33.241,33.3192,32.3131,32.44,7335312
2015-12-18,32.1275,32.2642,31.1604,31.1702,14251002
2015-12-21,31.4828,31.6488,31.1311,31.4632,6950140
2015-12-22,31.7953,32.2251,31.4144,32.1372,5330933
2015-12-23,32.3717,32.401,31.9809,32.2935,6389806
2015-12-24,32.2349,32.4889,32.1275,32.2838,1464437
2015-12-28,32.147,32.3424,31.8442,32.3424,3901954
2015-12-29,32.6159,32.8405,32.5182,32.7819,4152757
2015-12-30,32.6452,32.9382,32.4596,32.4791,3142111
2015-12-31,32.2154,32.694,31.9419,32.1665,6026361
2016-01-04,31.2093,31.3361,30.7404,31.2386,9605714
2016-01-05,31.2776,31.4828,30.8381,31.1409,5948178
2016-01-06,30.5255,30.6515,29.8173,30.0762,8809035
2016-01-07,29.2361,29.5096,28.2983,28.5035,15041365
2016-01-08,28.8258,29.1286,28.2593,28.3276,15311810
2016-01-11,28.5328,28.6988,27.5853,28.0737,15918072
2016-01-12,28.3667,28.7379,28.1421,28.5621,10914359
2016-01-13,28.4351,28.777,26.8185,27.0676,12193960
2016-01-14,27.2336,27.7318,26.2861,27.4681,10839930
2016-01-15,26.3545,26.882,25.9149,26.3936,19307952
2016-01-19,27.3997,27.4387,25.6219,25.8954,14403625
2016-01-20,25.2898,25.2898,23.8001,24.6841,28589699
2016-01-21,24.7037,24.8844,23.8001,23.8148,27541834
2016-01-22,24.5278,25.2946,24.2006,25.2311,20091699
2016-01-25,25.1237,25.3484,24.5376,24.5864,15281655
2016-01-26,24.8013,25.1432,24.5571,24.86,11637605
2016-01-27,24.772,25.4167,24.4106,24.6646,10322856
2016-01-28,24.9381,25.1042,24.0785,24.2446,12099435
2016-01-29,24.5474,25.0358,24.1469,24.9381,13883705
2016-02-01,24.8404,24.899,24.3911,24.6939,9459899
2016-02-02,24.2739,24.2934,23.3264,23.551,10291959
2016-02-03,23.7659,24.0101,22.3837,23.8148,23511279
2016-02-04,23.7464,24.5864,23.7366,24.3911,13920073
2016-02-05,24.3618,24.8795,23.6975,23.7952,10810121
2016-02-08,23.1994,23.2629,22.6025,23.0626,18211918
2016-02-09,22.3593,23.2873,22.3202,22.7989,17332418
2016-02-10,23.1123,23.6117,22.2113,22.2309,17127329
2016-02-11,21.4376,21.9322,21.0655,21.7608,22320874
2016-02-12,22.3288,22.5443,21.7216,22.3484,10328812
2016-02-16,23.0633,23.2788,22.5736,23.0927,9910579
2016-02-17,23.4942,24.1308,23.4697,23.9741,12636286
2016-02-18,23.9937,24.0818,23.3473,23.6607,9019197
2016-02-19,23.4648,24.1602,23.455,23.9349,9175459
2016-02-22,24.1993,24.5813,23.8272,24.0328,11227030
2016-02-23,23.9447,23.9937,23.4648,23.6313,10435221
2016-02-24,23.1612,23.3375,22.5247,23.1906,12107384
2016-02-25,23.2494,23.6019,23.0829,23.5921,8115109
2016-02-26,23.9251,25.1787,23.8859,24.9338,16588349
2016-02-29,24.8261,25.0318,24.4931,24.5323,12968293
2016-03-01,24.8457,25.9817,24.7478,25.8446,15668582
2016-03-02,25.8642,26.2217,25.7663,26.1874,10198382
2016-03-03,26.0209,26.6134,25.7417,26.5497,9577902
2016-03-04,26.8827,27.2548,26.3832,26.5889,10308238
2016-03-07,26.3637,27.0198,26.0405,26.961,8390460
2016-03-08,26.5399,26.7358,25.8152,26.1188,11285809
2016-03-09,26.3637,26.4714,25.7761,26.0013,6938449
2016-03-10,26.2853,26.3245,25.4431,26.0894,14320375
2016-03-11,26.4616,27.6711,26.393,27.6172,12870972
2016-03-14,27.4213,27.534,26.9415,27.2646,6567030
2016-03-15,26.9121,27.1667,26.726,27.1667,7197200
2016-03-16,27.0982,27.6172,26.1972,26.3637,16389430
2016-03-17,26.109,27.3381,26.0992,27.0982,9637230
2016-03-18,27.2842,27.8131,27.2203,27.7837,12710039
2016-03-21,27.7543,28.4397,27.2646,27.6955,7728599
2016-03-22,27.343,28.0236,27.2255,27.8229,7022110
2016-03-23,27.8424,27.9796,27.3234,27.4507,7297574
2016-03-24,27.0002,27.5291,26.8337,27.5095,6642905
2016-03-28,27.5389,27.6368,27.1177,27.5095,6378172
2016-03-29,27.2255,27.5095,26.9904,27.4409,8661690
2016-03-30,27.6662,27.96,27.2597,27.5878,6563589
2016-03-31,27.5682,27.7445,27.3724,27.4409,7809748
2016-04-01,27.1667,27.862,26.9415,27.7935,6896244
2016-04-04,27.7641,27.9306,27.343,27.4115,4988790
2016-04-05,27.059,27.1275,26.5595,26.8239,6736234
2016-04-06,26.8239,27.3626,26.8044,27.2548,6903890
2016-04-07,26.8729,26.961,25.7271,25.8446,9809288
2016-04-08,26.2265,26.491,25.9327,26.0601,6727688
2016-04-11,26.3441,26.8729,26.3049,26.4812,7367334
2016-04-12,26.6281,27.01,26.4616,26.8827,8029714
2016-04-13,27.3136,28.0775,27.2255,28.0285,8264547
2016-04-14,27.9208,28.3811,27.8033,28.146,8126795
2016-04-15,28.4986,28.5769,27.8327,27.9404,12251147
2016-04-18,27.8424,28.2929,27.6858,28.2538,5555506
2016-04-19,28.2734,28.3051,27.676,28.1754,8969158
2016-04-20,28.2538,28.6185,27.9991,28.4888,7800137
2016-04-21,28.5476,28.8512,28.4007,28.528,7311534
2016-04-22,28.6553,29.331,28.6357,29.1058,7697202
2016-04-25,29.0568,29.2429,28.7875,29.0176,5087990
2016-04-26,29.0568,29.2625,28.9197,29.2429,6089060
2016-04-27,29.1156,29.6052,28.954,29.2821,7916806
2016-04-28,28.9099,29.2135,28.3321,28.3811,7304156
2016-04-29,28.195,28.244,27.5291,27.8229,9875921
2016-05-02,27.8522,28.2342,27.4409,28.195,7043891
2016-05-03,27.7151,27.7151,27.103,27.4213,6998627
2016-05-04,27.0982,27.4801,26.819,26.9708,6614230
2016-05-05,27.0296,27.1716,26.726,26.9708,6359830
2016-05-06,26.6672,27.0688,26.393,26.7456,6859783
2016-05-09,26.7358,27.059,26.5938,26.7064,4000106
2016-05-10,26.8533,27.4752,26.7554,27.4313,5397741
2016-05-11,27.3822,27.6915,27.2693,27.284,5717900
2016-05-12,27.5,27.7455,27.1269,27.4313,5654302
2016-05-13,27.3527,27.8436,26.9306,27.0288,6614094
2016-05-16,27.0288,27.392,26.9208,27.1858,6188669
2016-05-17,27.1858,27.5982,27.0189,27.4117,8666911
2016-05-18,27.4902,28.8745,27.392,28.7567,14325145
2016-05-19,28.4916,28.9825,28.0204,28.4327,8894511
2016-05-20,28.6585,29.0414,28.5505,28.904,8608517
2016-05-23,28.7862,28.9727,28.5505,28.7469,6265234
2016-05-24,28.9727,29.7287,28.9138,29.6698,7607222
2016-05-25,29.8367,30.3374,29.7974,30.0821,7709726
2016-05-26,30.0527,30.118,29.4391,29.6011,6266982
2016-05-27,29.709,30.0821,29.5618,30.0723,5581800
2016-05-31,30.4258,30.5043,29.9849,30.0232,7562392
2016-06-01,29.66,30.3963,29.3851,30.249,7820906
2016-06-02,30.0821,30.3472,30.0429,30.2785,7579420
2016-06-03,29.444,29.4832,28.4033,28.688,13893215
2016-06-06,28.7567,29.3752,28.6782,29.2574,8125358
2016-06-07,29.3654,29.3654,28.8451,28.9629,6489954
2016-06-08,28.8942,29.1396,28.8353,28.9138,4479050
2016-06-09,28.6487,28.6978,28.1185,28.5604,8899545
2016-06-10,28.0302,28.148,27.7258,27.932,10613927
2016-06-13,27.7455,28.0695,27.5491,27.6276,6301353
2016-06-14,27.4411,27.932,27.2447,27.4706,11708626
2016-06-15,27.6866,28.3738,27.5884,27.9418,14057603
2016-06-16,27.5786,28.0204,27.2447,27.9909,11362494
2016-06-17,28.0302,28.4131,27.7553,27.8633,10044652
2016-06-20,28.4425,28.7567,28.0744,28.1284,9790167
2016-06-21,28.2462,28.2854,27.7995,27.8633,9976443
2016-06-22,27.8633,28.1284,27.7847,27.824,6112131
2016-06-23,28.3345,29.1592,28.1873,29.1494,12661722
2016-06-24,26.8422,27.2644,25.6739,25.6739,26534729
2016-06-27,24.9375,24.9768,23.5827,23.6121,31760961
2016-06-28,24.1423,24.3779,23.887,24.1128,25247395
2016-06-29,24.643,24.9375,24.4172,24.8394,26042690
2016-06-30,24.8983,25.021,24.3681,24.8492,18897620
2016-07-01,24.7412,25.0995,24.4761,24.6528,10774882
2016-07-05,24.319,24.3485,23.7496,23.8968,10403543
2016-07-06,23.6808,24.3386,23.3912,24.2208,12349538
2016-07-07,24.3681,24.8884,24.3092,24.8001,16159197
2016-07-08,25.4186,25.6346,25.1437,25.2615,15380437
2016-07-11,25.5168,25.7622,25.2615,25.3106,11568050
2016-07-12,25.8702,26.4151,25.8702,26.2728,12062762
2016-07-13,26.1648,26.312,25.6935,25.9488,6926565
2016-07-14,26.6262,26.8324,26.2924,26.4299,7718209
2016-07-15,26.7244,26.852,26.3317,26.5379,8349396
2016-07-18,27.0975,27.1073,26.3219,26.6066,9533723
2016-07-19,26.6066,27.0288,26.371,26.9797,8148026
2016-07-20,27.1662,27.4313,26.6949,27.4117,9585408
2016-07-21,27.4706,27.4804,27.2349,27.3527,11274786
2016-07-22,27.4902,27.6866,27.3527,27.6669,6419459
2016-07-25,27.6669,27.8878,27.5098,27.7455,7094810
2016-07-26,27.5786,28.1676,27.5197,28.1284,9072396
2016-07-27,28.1775,28.5014,27.9909,28.1873,10091372
2016-07-28,28.0793,28.2756,27.8544,28.1873,4669872
2016-07-29,27.9811,28.1185,27.5835,27.9025,6984602
2016-08-01,28.0302,28.1333,27.7455,27.824,8122552
2016-08-02,27.7946,28.1578,27.2055,27.4215,9156784
2016-08-03,27.3626,28.04,27.3626,27.8731,9956042
2016-08-04,27.8044,27.9909,27.5786,27.9713,4772815
2016-08-05,28.472,29.3949,28.472,29.3851,13442691
2016-08-08,29.4538,29.6501,29.3507,29.5127,9275861
2016-08-09,29.5225,29.6992,29.3654,29.5421,6036189
2016-08-10,29.5225,29.6012,29.0304,29.0895,10265225
2016-08-11,29.2371,29.5225,29.1091,29.4437,5727900
2016-08-12,29.0599,29.2764,28.7654,29.2272,6475368
2016-08-15,29.3847,29.7882,29.3502,29.7291,5774858
2016-08-16,29.6405,29.9358,29.5024,29.6602,5060649
2016-08-17,29.6012,29.7783,29.5126,29.6307,6933626
2016-08-18,29.6012,29.8669,29.488,29.7094,3517729
2016-08-19,29.6701,30.1129,29.5717,29.9653,6290096
2016-08-22,29.8078,29.8915,29.611,29.6996,4291503
2016-08-23,29.9358,30.044,29.7832,29.9358,5820931
2016-08-24,29.9653,30.0145,29.7389,29.7488,6628238
2016-08-25,29.7389,30.0047,29.6651,30.0047,5667509
2016-08-26,30.1129,30.5459,29.985,30.4573,10696912
2016-08-29,30.5262,30.91,30.4967,30.5557,7450543
2016-08-30,30.664,31.1363,30.664,31.1068,7895752
2016-08-31,31.1462,31.3627,30.664,30.9592,9889333
2016-09-01,31.1363,31.343,30.1424,30.4869,8278303
2016-09-02,30.6246,30.8706,30.1965,30.7722,6039262
2016-09-06,30.8214,30.9691,29.921,30.2408,8764783
2016-09-07,30.0342,30.3688,29.9751,30.2802,6639554
2016-09-08,30.3294,30.6345,30.2605,30.4278,6000457
2016-09-09,30.4278,30.8214,30.1523,30.1621,6911113
2016-09-12,29.9161,30.4967,29.611,30.3786,12056532
2016-09-13,29.9751,30.2016,29.6701,29.9554,8564500
2016-09-14,29.9161,30.044,29.5815,29.7291,7300916
2016-09-15,29.7882,30.5361,29.6897,30.4376,9462115
2016-09-16,30.1916,30.2211,29.9259,30.044,7553443
2016-09-19,30.231,30.851,30.1129,30.3983,6921699
2016-09-20,30.6443,30.6738,30.2211,30.2605,4335119
2016-09-21,30.4869,30.7919,30.2015,30.6345,9267962
2016-09-22,30.9002,31.1265,30.6984,30.7427,6949755
2016-09-23,30.6541,30.7476,30.1326,30.1818,5727548
2016-09-26,29.9456,30.2605,29.857,29.9751,7806509
2016-09-27,29.798,30.2605,29.3847,30.2408,6376692
2016-09-28,30.5065,30.5951,30.1326,30.5656,4705241
2016-09-29,30.5557,30.9198,30.0637,30.2015,7154291
2016-09-30,30.5361,31.2544,30.3589,31.0675,8757009
2016-10-03,31.0576,31.3135,30.851,30.9789,5643545
2016-10-04,31.1068,31.6382,31.0429,31.343,9514140
2016-10-05,31.4906,32.3664,31.4709,32.0909,9919132
2016-10-06,32.0811,32.1303,31.5989,31.9138,7737633
2016-10-07,31.9138,32.1106,31.6678,31.8842,7524548
2016-10-10,32.15,32.3369,31.8842,31.9335,4260134
2016-10-11,31.8842,32.0909,31.1462,31.3922,7041914
2016-10-12,31.4217,31.5497,31.2052,31.2249,4321427
2016-10-13,31.0478,31.0478,30.4081,30.9297,8958987
2016-10-14,31.4316,31.6973,31.1462,31.4611,7684029
2016-10-17,31.4808,31.589,30.6443,31.1855,13842578
2016-10-18,31.8646,31.9335,31.4709,31.6973,10294773
2016-10-19,31.8055,32.2976,31.6874,32.022,9095115
2016-10-20,31.9433,32.0515,31.5792,31.6579,6499463
2016-10-21,31.284,31.8842,31.2151,31.7563,8214714
2016-10-24,31.9728,32.022,31.6087,31.6776,6305328
2016-10-25,31.5989,31.7071,31.1757,31.2052,5801981
2016-10-26,30.9691,31.6973,30.9002,31.6382,7960428
2016-10-27,31.8154,31.9335,31.5211,31.6481,6650638
2016-10-28,31.6874,31.9187,31.0379,31.3824,6961761
2016-10-31,31.53,31.6678,31.1757,31.1954,5283711
2016-11-01,31.3922,31.6284,30.8018,31.1462,6145452
2016-11-02,30.9494,30.9494,30.3786,30.5656,8889239
2016-11-03,30.664,30.936,30.5164,30.6541,4740658
2016-11-04,30.6837,30.9149,30.167,30.4081,6657943
2016-11-07,31.2544,31.7957,31.2544,31.7957,7413419
2016-11-08,31.5989,31.9974,31.402,31.8941,6872884
2016-11-09,32.1012,33.4326,31.973,33.2452,23315631
2016-11-10,33.7876,35.1377,33.758,34.7738,23741559
2016-11-11,34.4878,35.622,34.3695,35.5825,11738653
2016-11-14,35.9277,37.1901,35.7896,36.2532,22461970
2016-11-15,35.8291,36.7167,35.5431,36.6871,16471741
2016-11-16,36.1644,36.8252,35.9474,36.194,10700104
2016-11-17,36.1545,36.8153,35.8488,36.5293,9376496
2016-11-18,36.6476,37.2788,36.4898,36.9632,10446735
2016-11-21,37.1901,37.624,37.121,37.5747,11882248
2016-11-22,37.7719,37.8903,37.2196,37.7127,11477950
2016-11-23,37.91,38.6792,37.5845,38.5707,11089126
2016-11-25,38.4623,38.4623,38.0924,38.4524,3418536
2016-11-28,37.9889,38.2552,37.7916,37.8212,7060043
2016-11-29,37.8705,38.1171,37.624,37.9297,6958551
2016-11-30,38.5313,38.8074,38.0283,38.127,12973858
2016-12-01,38.5707,39.1428,38.265,39.0639,15163489
2016-12-02,38.7581,38.8666,37.9297,38.2256,12058289
2016-12-05,38.6003,39.1132,38.3636,38.4623,11255725
2016-12-06,38.6595,38.7581,38.1664,38.7285,7894595
2016-12-07,38.7285,38.842,38.3291,38.8272,9692935
2016-12-08,39.1033,39.34,38.6842,38.8765,17535849
2016-12-09,38.9258,38.9554,38.4228,38.7779,8682476
2016-12-12,38.5609,38.8666,38.2245,38.4919,8288957
2016-12-13,38.6694,38.7384,38.0776,38.413,7107312
2016-12-14,38.0678,39.2019,37.9692,38.4623,11653081
2016-12-15,38.6398,39.409,38.6398,38.8765,14957289
2016-12-16,39.0441,39.1526,38.1565,38.3045,13466392
2016-12-19,38.4721,38.5214,37.9544,38.2157,10293354
2016-12-20,38.699,39.6063,38.6792,39.5964,12846374
2016-12-21,39.5767,39.6359,39.1625,39.4288,7292706
2016-12-22,39.3794,39.4682,39.1033,39.2216,5475739
2016-12-23,39.0639,39.8578,38.9061,39.7641,6374965
2016-12-27,39.8035,40.0205,39.7148,39.912,5426743
2016-12-28,39.9416,40.0205,39.3005,39.34,3947479
2016-12-29,39.3005,39.4386,38.8666,39.0343,4935155
2016-12-30,39.1625,39.2512,38.7581,38.9258,4682159
2017-01-03,39.4978,40.0895,39.1723,39.6457,6951679
2017-01-04,39.843,40.77,39.7838,40.6517,8892852
2017-01-05,40.4051,40.9071,39.9416,40.4051,6336234
2017-01-06,40.7306,40.9475,40.0994,40.6615,5639831
2017-01-09,40.4347,40.6812,40.0797,40.553,4413636
2017-01-10,40.6221,40.9179,40.4248,40.6221,5197946
2017-01-11,40.5728,40.8489,40.2572,40.7503,4778287
2017-01-12,40.4939,40.7601,39.8627,40.6911,6946398
2017-01-13,40.9771,41.268,40.7306,40.839,7671798
2017-01-17,40.5037,40.7601,39.7049,39.7739,11114861
2017-01-18,39.5175,40.6862,38.6003,40.5333,13651664
2017-01-19,40.8094,41.0264,40.3854,40.8686,10399267
2017-01-20,40.9475,41.1645,40.3755,40.7404,7369284
2017-01-23,40.5432,40.7503,40.1881,40.6221,4866162
2017-01-24,40.8588,41.5294,40.6615,41.2237,5451697
2017-01-25,41.6675,41.8602,41.3519,41.7069,7747738
2017-01-26,41.8943,42.0225,41.6083,41.8647,5146653
2017-01-27,41.914,41.9535,41.5294,41.7266,4052153
2017-01-30,41.4603,41.4603,40.8341,41.2532,6281585
2017-01-31,41.0461,41.2434,40.5234,40.6714,8055306
2017-02-01,41.0955,41.4012,40.553,40.77,10398102
2017-02-02,39.3203,39.9909,38.4919,38.6299,20291322
2017-02-03,39.3203,40.1191,39.1428,39.6161,12348670
2017-02-06,39.2019,39.5274,38.9652,39.1921,7212652
2017-02-07,39.3794,39.5767,39.0737,39.1329,5612343
2017-02-08,38.955,39.1769,38.7277,38.9748,8493222
2017-02-09,39.2712,39.8246,39.0835,39.6072,7484857
2017-02-10,39.8246,39.8938,39.4343,39.4689,6789913
2017-02-13,39.7555,40.5065,39.7258,40.2397,7576310
2017-02-14,40.21,41.0006,39.9679,40.7733,7895938
2017-02-15,41.1389,41.9591,40.8227,41.6627,11623374
2017-02-16,41.5836,41.6528,40.7577,41.0599,4987197
2017-02-17,40.6844,41.0994,40.5164,41.0599,4713579
2017-02-21,41.3267,41.6281,41.1735,41.2872,4933286
2017-02-22,40.8425,41.4453,40.8326,41.1291,5368760
2017-02-23,41.1192,41.1192,40.3583,40.7535,4494640
2017-02-24,40.2693,40.6251,40.0618,40.6251,5223556
2017-02-27,40.6053,41.4058,40.6053,41.2378,5547192
2017-02-28,39.6566,40.4274,39.3108,39.9333,22639196
2017-03-01,41.0105,42.8485,40.9117,42.4829,15066494
2017-03-02,42.473,42.4829,41.5342,41.7319,8817492
2017-03-03,41.6726,42.2457,41.5935,41.9493,7623231
2017-03-06,41.5836,41.7912,41.3069,41.6133,6600294
2017-03-07,41.5737,41.7121,41.1093,41.1686,6561273
2017-03-08,41.7714,42.1469,41.3267,41.3662,6715928
2017-03-09,41.5737,41.885,41.465,41.7516,5263415
2017-03-10,42.0382,42.3149,41.6034,41.9789,5615705
2017-03-13,42.1271,42.7003,42.0086,42.473,5034377
2017-03-14,42.3742,42.473,41.633,42.1667,6257070
2017-03-15,42.4137,42.7892,41.89,42.2161,8169826
2017-03-16,42.3742,43.1252,42.2754,43.0165,7391634
2017-03-17,43.1055,43.1351,42.305,42.3544,8913912
2017-03-20,42.2358,42.3791,41.722,41.7516,6191388
2017-03-21,42.058,42.0975,39.8444,39.963,10427916
2017-03-22,39.7456,40.0618,39.0736,39.6863,8935033
2017-03-23,39.5578,40.21,39.5084,39.6962,7387849
2017-03-24,39.874,39.9482,39.2465,39.5479,7528339
2017-03-27,37.8877,38.9945,37.1762,38.955,13739537
2017-03-28,38.9254,40.3879,38.7969,40.0124,8934358
2017-03-29,39.8543,40.0964,39.5972,39.9729,5261278
2017-03-30,39.9432,40.8524,39.9037,40.6547,5817230
2017-03-31,40.467,40.7486,40.3088,40.3286,5280797
2017-04-03,40.3484,40.4768,39.3602,40.0914,8765644
2017-04-04,39.9729,40.1606,39.5479,39.7555,6447475
2017-04-05,40.0223,40.299,38.9649,39.0143,8835393
2017-04-06,39.0044,39.8147,38.7475,39.5875,6634645
2017-04-07,39.1922,39.7653,38.9155,39.4293,9337372
2017-04-10,39.3503,39.6591,38.6585,38.8364,6916406
2017-04-11,38.5795,38.6388,37.7296,38.4708,9730044
2017-04-12,38.4411,38.4411,37.6852,37.947,10462356
2017-04-13,37.7395,38.1052,37.0675,37.0873,10215720
2017-04-17,37.196,37.7692,37.028,37.6901,7836348
2017-04-18,37.6506,38.0953,36.7217,37.4628,15029082
2017-04-19,37.8779,38.3028,37.6012,37.8285,10364582
2017-04-20,38.1941,38.4807,37.9273,38.2237,8466428
2017-04-21,38.2237,38.283,37.5616,37.8779,7074491
2017-04-24,38.9945,39.1922,38.5993,38.7277,10924540
2017-04-25,39.1724,39.4392,38.9649,39.1526,8126554
2017-04-26,39.0439,40.1013,39.0094,39.5875,12762076
2017-04-27,39.5875,39.6468,38.7574,38.787,7836877
2017-04-28,38.7672,38.7672,38.3226,38.3917,7001596
2017-05-01,38.6388,39.3997,38.6289,39.2614,9400625
2017-05-02,39.3206,39.5776,39.1526,39.5578,7735227
2017-05-03,39.3503,39.9926,39.2119,39.9234,8754769
2017-05-04,40.1606,40.3385,39.3997,39.6863,5618939
2017-05-05,39.7752,39.8246,39.3503,39.6566,5266167
2017-05-08,39.6863,39.9432,39.4343,39.9333,5508804
2017-05-09,39.963,40.3286,39.874,40.0223,5813652
2017-05-10,39.844,39.9331,39.4826,39.7549,6334313
2017-05-11,39.4975,39.745,39.2005,39.6262,7988889
2017-05-12,39.3886,39.4975,38.8638,39.2202,5451791
2017-05-15,39.3291,40.1708,39.3291,40.1411,6196556
2017-05-16,40.2896,40.3391,39.7846,40.2698,5698291
2017-05-17,39.3985,39.4381,37.3538,37.7449,13063868
2017-05-18,38.1112,38.2598,37.4874,37.9528,8607677
2017-05-19,38.0815,38.3291,37.834,37.8835,8656148
2017-05-22,38.3192,38.3192,37.7548,38.141,5755238
2017-05-23,38.1212,38.74,37.8046,38.4875,4586519
2017-05-24,38.6459,38.8341,38.4281,38.6261,5538890
2017-05-25,38.8836,39.1212,38.6855,39.0222,4565924
2017-05-26,38.9133,39.24,38.735,39.1311,4325951
2017-05-30,38.9133,38.9529,38.24,38.2796,7104195
2017-05-31,38.2697,38.5123,37.2597,38.3687,12278005
2017-06-01,38.7053,39.3192,38.2697,39.3093,8087533
2017-06-02,38.8044,39.0024,38.3093,38.5667,8772579
2017-06-05,38.6162,39.0123,38.5865,38.7152,5954892
2017-06-06,38.3192,38.5073,37.9528,38.339,7387464
2017-06-07,38.3687,38.8836,38.2598,38.4875,5800878
2017-06-08,38.5667,39.6163,38.3984,39.3687,8588698
2017-06-09,39.7846,40.9183,39.5668,40.8837,11592615
2017-06-12,40.9629,41.5075,40.8985,41.4679,8076875
2017-06-13,41.5768,41.9333,41.468,41.6362,6808344
2017-06-14,41.0916,41.9135,40.7055,41.8838,9060235
2017-06-15,41.5768,42.1808,41.3392,41.7055,6692028
2017-06-16,41.8243,41.9333,41.4283,41.5075,8880631
2017-06-19,41.8045,42.1907,41.7253,42.0422,4860198
2017-06-20,41.9135,41.9976,41.5867,41.7253,6913674
2017-06-21,41.7847,41.7847,41.1906,41.3392,6362161
2017-06-22,41.2104,41.4283,41.0223,41.2203,5804232
2017-06-23,41.5174,41.5174,40.9481,41.2104,8464325
2017-06-26,41.3392,41.6857,40.9431,41.4382,5263239
2017-06-27,41.864,42.864,41.6659,42.2006,8519622
2017-06-28,42.6066,42.8244,42.3491,42.4283,8843285
2017-06-29,43.4482,43.666,42.26,42.5868,8844034
2017-06-30,42.9531,43.091,42.3986,42.5373,7231212
2017-07-03,42.7848,43.2106,42.666,43.0521,5259418
2017-07-05,43.2205,43.666,43.1017,43.2502,7350607
2017-07-06,43.1809,43.5175,42.9383,43.0521,7903069
2017-07-07,43.2403,43.2601,42.765,42.8937,4718030
2017-07-10,42.7848,43.3393,42.6957,43.2007,3780214
2017-07-11,42.8541,42.9135,42.3491,42.6759,6077156
2017-07-12,42.5769,42.7947,42.3194,42.6264,6126584
2017-07-13,42.6858,42.9977,42.5571,42.7551,4526280
2017-07-14,42.1808,42.8343,42.0521,42.6165,6035251
2017-07-17,42.5868,42.6165,42.2303,42.5076,6778762
2017-07-18,42.0719,42.6363,41.8441,42.4382,7167953
2017-07-19,42.6363,42.7254,41.5768,41.755,8002888
2017-07-20,41.656,41.8243,41.5075,41.7253,7073132
2017-07-21,41.5867,42.0125,41.2996,41.7352,7452411
2017-07-24,41.4877,41.755,41.3392,41.5471,6520050
2017-07-25,42.1214,42.6264,42.0521,42.5274,7337777
2017-07-26,42.6165,42.6363,42.26,42.359,8569475
2017-07-27,42.4779,42.666,41.7649,42.1214,8536025
2017-07-28,42.161,42.3194,41.859,42.1313,5195184
2017-07-31,42.2699,42.567,42.057,42.4779,6081314
2017-08-01,42.9234,43.3492,42.6363,42.6858,4507607
2017-08-02,42.6363,42.7749,42.3244,42.5967,9489009
2017-08-03,42.4085,42.5967,42.1709,42.4581,5884033
2017-08-04,42.9234,43.3492,42.6363,42.6858,4507607
2017-08-07,42.7551,42.7848,42.3689,42.4581,2673226
2017-08-08,42.3095,42.8244,42.1412,42.2996,5346705
2017-08-09,41.7838,42.0417,41.3572,41.6846,5967236
2017-08-10,41.258,41.2679,40.2759,40.2858,6709028
2017-08-11,40.3751,40.5537,40.1618,40.3255,4896693
2017-08-14,40.891,41.1499,40.633,40.7918,4165984
2017-08-15,41.2183,41.258,40.2065,40.6033,5668518
2017-08-16,40.7719,40.9009,40.2759,40.4148,4515515
2017-08-17,40.2858,40.3553,39.3335,39.3533,6347113
2017-08-18,39.1946,39.5914,38.9436,39.1946,6571943
2017-08-21,39.1053,39.1252,38.6975,38.9565,5226009
2017-08-22,39.2244,39.6113,39.0756,39.4525,4925143
2017-08-23,39.1053,39.6013,38.8792,39.4426,4392321
2017-08-24,39.6807,39.6807,39.3037,39.3236,3604533
2017-08-25,39.4724,39.7006,39.3236,39.4426,3112035
2017-08-28,39.522,39.5319,39.0657,39.2244,3292007
2017-08-29,38.6788,39.1946,38.4208,38.8673,8217515
2017-08-30,38.9962,39.3335,38.8276,39.2541,4627781
2017-08-31,39.5121,39.7601,39.3335,39.5815,7435809
2017-09-01,39.6807,39.9186,39.4724,39.8394,4705261
2017-09-05,39.4327,39.5815,38.3712,38.4605,8340532
2017-09-06,38.5697,38.7879,38.2621,38.6193,5883402
2017-09-07,38.6589,38.6689,37.7562,37.8058,7096561
2017-09-08,37.9149,38.8425,37.8455,38.3712,6466377
2017-09-11,38.9367,39.2343,38.8276,38.9962,6957941
2017-09-12,39.3533,39.8642,39.2442,39.522,7939797
2017-09-13,39.3732,39.5418,38.9754,39.4823,6845759
2017-09-14,39.3732,39.9436,39.274,39.6708,5916089
2017-09-15,38.1629,39.889,37.8951,39.889,14222833
2017-09-18,40.0081,40.6727,39.9783,40.3255,6517640
2017-09-19,40.4644,40.8315,40.2759,40.7124,6048876
2017-09-20,40.7918,41.5854,40.5934,41.2779,6982608
2017-09-21,41.2481,41.9276,41.0299,41.7441,6502725
2017-09-22,41.4663,42.2897,41.3275,42.2004,7360466
2017-09-25,42.0219,42.2996,41.9227,42.1608,8484910
2017-09-26,42.3393,42.6072,42.0814,42.4881,6479367
2017-09-27,43.1726,43.991,43.1528,43.6885,10213559
2017-09-28,43.7877,43.9563,43.2123,43.2817,6789536
2017-09-29,43.1825,43.6091,43.0437,43.3909,5346806
2017-10-02,43.4702,43.7083,43.2123,43.6885,4642450
2017-10-03,43.748,44.1547,43.6587,44.1051,5231491
2017-10-04,44.0654,44.2539,43.7877,43.9265,4260508
2017-10-05,43.9761,44.9285,43.8968,44.8194,7001352
2017-10-06,45.2559,45.8411,44.1448,44.9781,14787083
2017-10-09,44.988,45.117,44.7499,45.0475,5006178
2017-10-10,45.0475,45.2559,44.5019,44.7301,7953015
2017-10-11,44.6606,45.0872,44.4027,44.9483,5039997
2017-10-12,45.1368,45.1368,44.5714,44.6706,5896051
2017-10-13,44.4424,44.6805,43.9761,44.373,6821689
2017-10-16,43.8075,44.3928,43.5595,44.115,6709512
2017-10-17,44.4226,44.5317,42.9941,43.0437,7189357
2017-10-18,43.2718,43.3413,42.9614,43.1329,4309589
2017-10-19,42.6766,43.004,41.8631,42.9246,4395276
2017-10-20,43.5397,44.5069,43.2321,44.3234,9190582
2017-10-23,44.363,44.5416,43.8968,44.115,6502699
2017-10-24,44.5416,44.9582,44.2638,44.8293,8614602
2017-10-25,45.0178,45.117,43.8621,44.2936,5197489
2017-10-26,44.3829,45.2757,44.1894,44.988,5767231
2017-10-27,44.8888,44.9483,44.2242,44.5515,5233009
2017-10-30,44.1547,44.5317,44.115,44.492,3256440
2017-10-31,44.4226,45.2062,44.4126,44.4821,6398241
2017-11-01,44.7301,44.9533,43.8472,43.8869,6465722
2017-11-02,43.7281,44.9933,43.4752,44.7003,4980638
2017-11-03,44.4325,44.5317,44.125,44.4622,3627495
2017-11-06,44.3333,44.5466,44.0754,44.2936,2813160
2017-11-07,44.3531,44.5019,43.5099,43.7976,4318089
2017-11-08,43.7678,44.0248,43.5198,43.9265,3927882
2017-11-09,43.6781,43.9266,43.057,43.7278,4613546
2017-11-10,43.8471,44.2247,43.6483,43.9961,4512049
2017-11-13,43.7278,44.5725,43.6582,44.3241,4225822
2017-11-14,44.1452,44.4433,43.8967,44.3141,3747501
2017-11-15,43.9464,44.821,43.7278,44.2645,6834890
2017-11-16,44.5527,44.9999,44.3191,44.3638,3842352
2017-11-17,44.0558,44.5825,43.9067,44.4036,4272456
2017-11-20,44.5427,45.0893,44.3638,44.8409,4430022
2017-11-21,45.0794,46.0384,44.9701,45.7949,7767059
2017-11-22,45.8247,45.9639,45.4769,45.5167,4212746
2017-11-24,45.7452,45.785,45.4471,45.4968,1269015
2017-11-27,45.5167,45.8744,45.457,45.4868,3967368
2017-11-28,45.5664,46.9726,45.3775,46.8484,6663462
2017-11-29,47.3353,48.2795,47.2459,48.1205,12387383
2017-11-30,48.4385,49.2335,48.0906,48.4882,11493432
2017-12-01,48.518,49.2435,47.7031,49.1938,10350498
2017-12-04,50.0981,51.569,49.5118,51.2311,13058546
2017-12-05,51.4199,51.4597,50.3267,50.4659,7799182
2017-12-06,50.2472,50.7143,49.9888,50.2273,6505383
2017-12-07,50.0186,51.092,49.9093,50.764,5449806
2017-12-08,51.0621,51.092,50.287,51.0721,6265962
2017-12-11,51.1019,51.1317,50.1975,50.4062,7238351
2017-12-12,50.6845,51.6584,50.5752,51.241,7251146
2017-12-13,51.1317,51.1317,49.9988,50.0186,8193384
2017-12-14,50.3466,50.4659,49.7901,49.8894,6911589
2017-12-15,50.3168,51.3504,49.9491,50.9628,10621877
2017-12-18,51.7677,51.8771,51.1864,51.4199,6092546
2017-12-19,51.7677,51.9764,51.2808,51.4895,5573981
2017-12-20,52.0758,52.1951,51.2559,51.4895,7401525
2017-12-21,51.7677,52.1852,51.6386,51.9566,4890045
2017-12-22,52.0957,52.1852,51.5143,51.7578,4728956
2017-12-26,51.6783,51.8473,51.241,51.5491,2330581
2017-12-27,51.7081,51.7777,51.3503,51.5292,4395815
2017-12-28,51.6386,51.733,51.3106,51.7181,2058854
2017-12-29,51.8771,52.0758,51.0423,51.0522,3895263
2018-01-02,51.2311,51.2907,50.6447,51.1218,7220792
2018-01-03,50.8833,51.4497,50.7242,51.2013,5522692
2018-01-04,51.6087,52.1553,51.3205,51.4895,5310435
2018-01-05,51.6684,51.728,51.1516,51.6882,5696212
2018-01-08,51.5789,52.0013,51.5193,51.9168,4803621
2018-01-09,52.0858,53.2585,51.9963,53.01,6660649
2018-01-10,53.1492,54.138,53.02,53.2287,9043341
2018-01-11,53.4175,53.8945,52.9108,53.8349,5379327
2018-01-12,54.3219,55.1765,54.3219,55.0473,7516978
2018-01-16,55.3852,55.7828,54.6299,55.1865,9365297
2018-01-17,55.266,55.902,54.1827,55.743,8312166
2018-01-18,55.4349,55.8722,54.7939,54.9877,5837280
2018-01-19,55.097,55.256,54.8088,55.1368,7439457
2018-01-22,55.0573,55.266,54.3914,55.097,7245606
2018-01-23,54.8188,55.5144,54.6896,54.9778,7011542
2018-01-24,55.4051,55.5244,54.615,55.0473,6351387
2018-01-25,55.266,55.3157,53.651,53.8448,7453650
2018-01-26,54.0336,54.0933,53.4075,53.9343,8782004
2018-01-29,54.0237,54.4113,53.5367,53.7156,8052354
2018-01-30,53.4274,54.0436,52.8659,52.8709,8368045
2018-01-31,53.1094,53.4771,52.7367,53.01,7737225
2018-02-01,52.9504,54.5802,52.8113,54.5703,6938091
2018-02-02,54.4113,54.7094,52.8113,53.01,9097595
2018-02-05,52.215,53.7653,50.6348,50.9727,11267092
2018-02-06,49.6907,52.8311,48.8459,52.533,14434784
2018-02-07,51.4696,52.692,51.3205,51.7081,10182203
2018-02-08,51.7679,51.9471,48.6911,48.6911,11895231
2018-02-09,49.9955,50.3041,47.8347,49.9059,12923565
2018-02-12,50.5033,51.28,50.2145,50.7224,7561259
2018-02-13,50.4137,51.0012,50.0761,50.9315,6467148
2018-02-14,50.7323,52.3852,50.6825,52.1761,5995493
2018-02-15,52.6939,52.906,51.4393,52.1064,4921352
2018-02-16,51.8177,52.3653,51.499,51.9471,5886242
2018-02-20,51.728,52.4947,51.728,52.1164,4671544
2018-02-21,52.0566,52.903,51.9869,52.0765,5896557
2018-02-22,52.4649,52.8632,51.6285,51.8077,6315592
2018-02-23,51.977,52.5346,51.8027,52.5147,5252790
2018-02-26,52.7736,53.5004,52.2956,53.5004,5767308
2018-02-27,53.5104,55.1533,53.5104,53.5701,8601863
2018-02-28,53.7693,54.2771,52.7736,52.7935,5915609
2018-03-01,52.674,53.2615,51.27,51.8276,7096084
2018-03-02,51.3397,52.5346,50.2544,52.4051,8586603
2018-03-05,51.738,53.61,51.5787,53.3809,5762427
2018-03-06,53.4706,54.5061,53.1205,54.4962,7464515
2018-03-07,53.7095,55.233,52.9229,55.1932,7656058
2018-03-08,55.4321,55.7309,54.6555,55.6711,8160751
2018-03-09,56.169,57.4833,56.159,57.4535,7152232
2018-03-12,57.6128,57.792,57.2942,57.5132,6019959
2018-03-13,57.6725,57.8617,56.3134,56.4378,7049993
2018-03-14,56.1092,56.7963,55.3425,55.701,9871107
2018-03-15,56.0794,56.0794,54.9552,55.3525,5309745
2018-03-16,55.5516,56.2686,55.3326,55.472,8231300
2018-03-19,55.4222,55.7209,54.3966,55.4321,6769893
2018-03-20,55.462,56.0394,55.2529,55.7309,5486653
2018-03-21,55.7209,56.4478,55.3724,55.6014,5274669
2018-03-22,54.8546,55.0438,52.929,53.1718,7755190
2018-03-23,53.2714,53.3909,50.9613,51.1007,7260881
2018-03-26,52.1164,52.8831,51.3534,52.7337,6043943
2018-03-27,52.8731,53.2615,50.802,51.3098,7747061
2018-03-28,51.4393,51.5986,49.8063,50.6825,7477167
2018-03-29,50.9215,52.1662,50.4037,51.9969,8226055
2018-04-02,51.7778,51.9172,49.5275,50.1946,8356364
2018-04-03,50.6626,51.1007,50.105,50.9315,7848401
2018-04-04,49.8461,51.6982,49.7167,51.5289,7313303
2018-04-05,52.0367,52.5147,51.4492,52.1263,6266292
2018-04-06,51.26,51.4393,49.5673,49.8959,8171377
2018-04-09,50.2344,51.27,49.8461,49.9955,5578547
2018-04-10,50.8418,51.3497,50.3589,51.2899,6858513
2018-04-11,50.5929,51.1704,50.3539,50.7024,5428169
2018-04-12,51.1505,51.9371,50.9016,51.509,4451654
2018-04-13,52.3155,52.3753,50.4137,50.8219,6443671
2018-04-16,51.7878,52.9627,51.5787,52.8532,8967790
2018-04-17,53.3013,53.7095,52.8333,53.3809,7139226
2018-04-18,53.4805,53.5502,51.8874,51.9571,7913881
2018-04-19,51.8973,53.4616,51.8973,53.4506,8837575
2018-04-20,53.4108,55.3624,53.1718,54.755,10153457
2018-04-23,55.004,55.5915,54.5908,55.1334,9128267
2018-04-24,55.5317,56.0296,53.7593,54.2572,9931666
2018-04-25,53.8788,54.6605,53.142,54.3667,7878940
2018-04-26,54.5758,55.5417,54.0282,55.4122,7232897
2018-04-27,55.2629,55.8603,55.1334,55.7508,5342053
2018-04-30,55.9599,56.1789,55.4321,55.4421,5483782
2018-05-01,55.2828,55.3724,54.6953,55.3724,5150074
2018-05-02,55.1036,55.9798,54.7152,55.4122,5327789
2018-05-03,54.9044,55.0339,53.829,54.765,5869908
2018-05-04,54.3866,56.2188,54.0481,55.8503,5001518
2018-05-07,56.1092,56.9556,55.8703,56.7266,6278156
2018-05-08,56.6469,57.3639,56.5474,57.0552,7039270
2018-05-09,57.4933,58.5687,57.2145,58.4791,6119181
2018-05-10,58.3195,59.0775,57.9305,58.8481,6015340
2018-05-11,59.0576,59.7857,58.7484,59.307,6452879
2018-05-14,59.4366,59.5962,58.2796,58.7783,6120255
2018-05-15,58.5888,58.9977,58.2996,58.6686,6439345
2018-05-16,58.6287,59.1174,58.519,58.7284,7406750
2018-05-17,58.8481,59.6261,58.5689,59.1673,6028389
2018-05-18,59.1374,59.3269,58.7284,58.9878,3312043
2018-05-21,59.3867,60.065,59.1873,59.287,6876388
2018-05-22,59.5164,59.8901,59.3219,59.4366,6790440
2018-05-23,58.9878,59.1972,58.1139,58.7783,5026439
2018-05-24,58.4292,58.499,57.2523,57.9903,7279481
2018-05-25,57.7011,57.8607,56.6538,57.1525,6375057
2018-05-29,56.3446,56.6089,54.6689,54.9981,8237095
2018-05-30,56.0055,56.2449,55.2468,55.8658,7637904
2018-05-31,55.7062,56.1152,55.2823,55.4768,9514286
2018-06-01,56.3845,56.8732,56.195,56.584,6694538
2018-06-04,56.943,57.1126,56.5142,56.7136,4588504
2018-06-05,56.3745,56.8034,55.9855,56.1551,4364900
2018-06-06,56.4842,57.8008,56.4842,57.8008,4799281
2018-06-07,57.9604,58.1001,56.6338,57.1924,3851875
2018-06-08,57.1425,57.6238,56.8134,57.5814,2843591
2018-06-11,57.7011,57.8906,57.1126,57.2622,2731952
2018-06-12,57.5515,57.6063,56.8333,57.1625,3495421
2018-06-13,57.2523,58.0701,56.8732,57.2124,4353906
2018-06-14,57.4418,57.6811,55.8658,56.4643,6049696
2018-06-15,56.195,56.4543,55.2275,55.9456,8367326
2018-06-18,55.3073,55.5566,54.8784,55.3372,5051678
2018-06-19,54.5792,55.3621,54.3697,55.1277,4881926
2018-06-20,55.3272,56.0055,55.2474,55.397,3743897
2018-06-21,55.1676,55.4369,54.4395,55.1676,4311048
2018-06-22,55.6464,55.6963,54.7088,54.7587,7593533
2018-06-25,54.3597,54.3897,52.5943,53.2725,6193418
2018-06-26,53.3024,53.5468,52.8736,52.9334,5021456
2018-06-27,53.083,53.5418,51.7664,51.7664,6768809
2018-06-28,51.7664,51.916,50.9784,51.5769,7194298
2018-06-29,52.0956,52.3549,50.9186,50.9685,6827650
2018-07-02,50.4299,51.1929,50.1905,51.168,6474768
2018-07-03,51.3674,51.5669,50.0608,50.1107,2490104
2018-07-05,50.4398,50.4398,49.2928,49.3526,8985588
2018-07-06,49.3626,50.9286,49.223,50.5196,6753370
2018-07-09,50.769,51.8861,50.7091,51.7664,6146245
2018-07-10,51.7664,51.8462,50.8986,50.9784,5354302
2018-07-11,50.5795,50.8837,50.1107,50.3401,6404555
2018-07-12,50.6493,50.8588,50.2104,50.6194,5750047
2018-07-13,50.5894,50.6493,49.7716,50.4897,4965955
2018-07-16,50.6593,51.2527,50.5296,50.9286,6211244
2018-07-17,52.3948,53.6416,52.3549,52.7439,8638664
2018-07-18,53.0032,54.1203,52.9833,54.0804,7565288
2018-07-19,53.7712,53.9308,52.5843,52.7439,6194448
2018-07-20,52.4247,52.5045,51.7963,52.0158,8036792
2018-07-23,52.0158,52.5904,51.8662,52.4746,3954546
2018-07-24,52.8137,53.472,52.2751,52.7239,5280498
2018-07-25,52.694,52.9733,52.325,52.8037,5442826
2018-07-26,52.9434,53.098,52.4048,52.5145,4841136
2018-07-27,52.6142,52.8736,52.0058,52.4147,3362084
2018-07-30,52.5643,52.6142,51.1181,51.1879,4894310
2018-07-31,51.5669,51.6068,50.7391,50.9286,5523315
2018-08-01,51.3575,52.4746,49.5421,50.749,15252644
2018-08-02,50.0708,50.36,49.612,50.001,7535913
2018-08-03,50.2603,50.5496,49.8314,50.1606,4219492
2018-08-06,50.1207,50.3401,49.7815,50.2703,5060215
2018-08-07,50.5695,51.7365,50.4199,50.6593,4598578
2018-08-08,50.6593,50.6593,50.2902,50.37,4679636
2018-08-09,50.41,50.96,50.3,50.73,3993665
2018-08-10,50.18,50.71,49.79,50.61,4341718
2018-08-13,50.68,50.97,50.065,50.11,4798143
2018-08-14,50.25,50.7,50.22,50.53,3485115
2018-08-15,50.0,50.56,49.82,50.24,4024518
2018-08-16,50.45,51.415,50.33,51.13,3501177
2018-08-17,51.0,51.01,50.32,50.9,3627104
2018-08-20,51.0,51.53,50.94,51.42,2728710
2018-08-21,49.79,50.77,49.32,50.17,16320470
2018-08-22,49.97,51.5,49.9,50.93,4539457
2018-08-23,50.95,50.99,49.9143,50.17,4859557
2018-08-24,50.47,50.91,50.41,50.55,3753317
2018-08-27,50.83,51.79,50.83,51.37,5549222
2018-08-28,51.58,51.8,51.18,51.24,4616919
2018-08-29,51.35,51.72,51.14,51.33,5642830
2018-08-30,51.15,51.289,50.51,50.56,4274325
2018-08-31,50.38,50.89,50.2088,50.79,5005234
2018-09-04,50.78,51.58,50.61,51.32,3872881
2018-09-05,51.13,51.42,50.465,50.52,3995146
2018-09-06,50.5,50.77,49.15,49.51,7570685
2018-09-07,49.73,50.38,49.26,50.16,7999779
2018-09-10,50.5,50.9,50.38,50.62,5688268
2018-09-11,50.52,51.245,50.5,50.98,5720571
2018-09-12,51.0,51.12,50.58,50.71,5571089
2018-09-13,50.82,50.97,50.36,50.42,5870735
2018-09-14,50.59,51.565,50.59,51.16,4528229
2018-09-17,51.29,51.49,50.12,50.32,5915994
2018-09-18,50.31,50.825,50.22,50.62,4134129
2018-09-19,50.83,52.09,50.82,51.99,7506747
2018-09-20,52.33,52.7,51.89,52.07,4990526
2018-09-21,52.37,52.39,51.77,51.84,10145739
2018-09-24,51.79,51.83,51.28,51.56,3408126
2018-09-25,51.65,51.74,51.165,51.62,3002263
2018-09-26,51.73,51.86,50.66,50.72,4720896
2018-09-27,50.83,50.91,50.42,50.52,4687088
2018-09-28,50.26,50.29,49.06,49.15,8911001
2018-10-01,49.35,49.75,49.22,49.55,8177283
2018-10-02,49.52,49.92,48.98,49.85,5372752
2018-10-03,50.37,51.11,50.24,50.8,6494761
2018-10-04,51.01,52.47,50.8,51.68,8713516
2018-10-05,51.89,52.1499,51.12,51.48,5824669
2018-10-08,51.25,51.83,51.04,51.67,4978943
2018-10-09,51.38,52.35,51.33,52.17,5211826
2018-10-10,52.08,52.17,49.57,49.59,10251521
2018-10-11,49.37,50.06,47.64,48.13,11334744
2018-10-12,49.41,49.47,47.79,49.01,9760490
2018-10-15,49.0,49.4299,47.63,47.64,7733752
2018-10-16,48.06,48.42,47.14,48.23,12448544
2018-10-17,48.02,48.4,47.03,48.04,9183860
2018-10-18,47.99,48.11,46.4346,46.7,8541879
2018-10-19,46.52,47.49,46.25,46.83,9329324
2018-10-22,46.94,47.01,45.575,45.6,7684581
2018-10-23,44.4,45.0,43.76,44.54,13935020
2018-10-24,44.51,44.565,42.45,42.57,11439232
2018-10-25,43.07,43.4,42.31,43.18,12270633
2018-10-26,42.63,43.48,42.01,43.19,13460613
